{
    "config": {
        "dataset": {
            "script_path": "/home/moose/GitHub/msthesis-experiments/datasets/cifar100_keras.py"
        },
        "evaluate": {
            "augmentation_factor": 32,
            "batch_size": 5000,
            "data_augmentation": {
                "channel_shift_range": 0,
                "featurewise_center": false,
                "height_shift_range": 0.15,
                "horizontal_flip": true,
                "rotation_range": 0,
                "samplewise_center": false,
                "samplewise_std_normalization": false,
                "shear_range": 0,
                "vertical_flip": false,
                "width_shift_range": 0.15,
                "zca_whitening": false,
                "zoom_range": 0
            }
        },
        "models": [
            "/home/moose/GitHub/msthesis-experiments/artifacts/cifar100_bs32/cifar100_bs32_20170422-1004-11.h5",
            "/home/moose/GitHub/msthesis-experiments/artifacts/cifar100_bs32/cifar100_bs32_20170422-1136-09.h5",
            "/home/moose/GitHub/msthesis-experiments/artifacts/cifar100_bs32/cifar100_bs32_20170422-1316-16.h5",
            "/home/moose/GitHub/msthesis-experiments/artifacts/cifar100_bs32/cifar100_bs32_20170422-1510-49.h5",
            "/home/moose/GitHub/msthesis-experiments/artifacts/cifar100_bs32/cifar100_bs32_20170422-1632-06.h5",
            "/home/moose/GitHub/msthesis-experiments/artifacts/cifar100_bs32/cifar100_bs32_20170422-1752-05.h5",
            "/home/moose/GitHub/msthesis-experiments/artifacts/cifar100_bs32/cifar100_bs32_20170422-1924-19.h5",
            "/home/moose/GitHub/msthesis-experiments/artifacts/cifar100_bs32/cifar100_bs32_20170422-2116-50.h5",
            "/home/moose/GitHub/msthesis-experiments/artifacts/cifar100_bs32/cifar100_bs32_20170422-2235-53.h5",
            "/home/moose/GitHub/msthesis-experiments/artifacts/cifar100_bs32/cifar100_bs32_20170423-0020-14.h5"
        ]
    },
    "ensemble": {
        "best_ensemble": "0011011010",
        "best_ensemble_acc": 66.459999999999994,
        "complete_ensemble_acc": 65.890000000000001
    },
    "single_acc": {
        "mean": 64.106999999999999,
        "std": 0.74795788651500927
    },
    "single_accuracies": {
        "0": 63.980000000000004,
        "1": 64.590000000000003,
        "2": 64.969999999999999,
        "3": 63.719999999999999,
        "4": 62.93,
        "5": 64.099999999999994,
        "6": 65.469999999999999,
        "7": 63.060000000000002,
        "8": 64.359999999999999,
        "9": 63.890000000000001
    }
}