{
    "config": {
        "dataset": {
            "script_path": "/home/moose/GitHub/msthesis-experiments/datasets/cifar100_keras.py"
        },
        "evaluate": {
            "augmentation_factor": 32,
            "batch_size": 5000,
            "data_augmentation": {
                "channel_shift_range": 0,
                "featurewise_center": false,
                "height_shift_range": 0.15,
                "horizontal_flip": true,
                "rotation_range": 0,
                "samplewise_center": false,
                "samplewise_std_normalization": false,
                "shear_range": 0,
                "vertical_flip": false,
                "width_shift_range": 0.15,
                "zca_whitening": false,
                "zoom_range": 0
            }
        },
        "models": [
            "/home/moose/GitHub/msthesis-experiments/artifacts/cifar100_bs16/cifar100_bs16_20170421-2230-30.h5",
            "/home/moose/GitHub/msthesis-experiments/artifacts/cifar100_bs16/cifar100_bs16_20170422-0115-31.h5",
            "/home/moose/GitHub/msthesis-experiments/artifacts/cifar100_bs16/cifar100_bs16_20170422-0354-29.h5",
            "/home/moose/GitHub/msthesis-experiments/artifacts/cifar100_bs16/cifar100_bs16_20170422-0714-19.h5",
            "/home/moose/GitHub/msthesis-experiments/artifacts/cifar100_bs16/cifar100_bs16_20170422-0917-46.h5",
            "/home/moose/GitHub/msthesis-experiments/artifacts/cifar100_bs16/cifar100_bs16_20170422-1202-18.h5",
            "/home/moose/GitHub/msthesis-experiments/artifacts/cifar100_bs16/cifar100_bs16_20170422-1414-08.h5",
            "/home/moose/GitHub/msthesis-experiments/artifacts/cifar100_bs16/cifar100_bs16_20170422-1617-17.h5",
            "/home/moose/GitHub/msthesis-experiments/artifacts/cifar100_bs16/cifar100_bs16_20170422-1932-29.h5",
            "/home/moose/GitHub/msthesis-experiments/artifacts/cifar100_bs16/cifar100_bs16_20170422-2213-10.h5"
        ]
    },
    "ensemble": {
        "best_ensemble": "0010100110",
        "best_ensemble_acc": 67.5,
        "complete_ensemble_acc": 66.97999999999999
    },
    "single_acc": {
        "mean": 64.159000000000006,
        "std": 0.81467109927872028
    },
    "single_accuracies": {
        "0": 64.409999999999997,
        "1": 64.239999999999995,
        "2": 65.5,
        "3": 62.970000000000006,
        "4": 64.649999999999991,
        "5": 63.449999999999996,
        "6": 63.210000000000001,
        "7": 65.340000000000003,
        "8": 64.219999999999999,
        "9": 63.600000000000001
    }
}