{
    "config": {
        "dataset": {
            "script_path": "/home/moose/GitHub/msthesis-experiments/datasets/cifar100_keras.py"
        },
        "evaluate": {
            "augmentation_factor": 32,
            "batch_size": 5000,
            "data_augmentation": {
                "channel_shift_range": 0,
                "featurewise_center": false,
                "height_shift_range": 0.15,
                "horizontal_flip": true,
                "rotation_range": 0,
                "samplewise_center": false,
                "samplewise_std_normalization": false,
                "shear_range": 0,
                "vertical_flip": false,
                "width_shift_range": 0.15,
                "zca_whitening": false,
                "zoom_range": 0
            }
        },
        "models": [
            "/home/moose/GitHub/msthesis-experiments/artifacts/cifar100_bs8/cifar100_bs8_20170421-1721-27.h5",
            "/home/moose/GitHub/msthesis-experiments/artifacts/cifar100_bs8/cifar100_bs8_20170421-2238-10.h5",
            "/home/moose/GitHub/msthesis-experiments/artifacts/cifar100_bs8/cifar100_bs8_20170422-0415-25.h5",
            "/home/moose/GitHub/msthesis-experiments/artifacts/cifar100_bs8/cifar100_bs8_20170422-0724-26.h5",
            "/home/moose/GitHub/msthesis-experiments/artifacts/cifar100_bs8/cifar100_bs8_20170422-1204-39.h5",
            "/home/moose/GitHub/msthesis-experiments/artifacts/cifar100_bs8/cifar100_bs8_20170422-1547-31.h5",
            "/home/moose/GitHub/msthesis-experiments/artifacts/cifar100_bs8/cifar100_bs8_20170422-2050-52.h5",
            "/home/moose/GitHub/msthesis-experiments/artifacts/cifar100_bs8/cifar100_bs8_20170423-0119-41.h5",
            "/home/moose/GitHub/msthesis-experiments/artifacts/cifar100_bs8/cifar100_bs8_20170423-0457-36.h5",
            "/home/moose/GitHub/msthesis-experiments/artifacts/cifar100_bs8/cifar100_bs8_20170423-1002-45.h5"
        ]
    },
    "ensemble": {
        "best_ensemble": "1100001011",
        "best_ensemble_acc": 66.010000000000005,
        "complete_ensemble_acc": 65.680000000000007
    },
    "single_acc": {
        "mean": 61.930999999999997,
        "std": 1.0314693403102175
    },
    "single_accuracies": {
        "0": 62.370000000000005,
        "1": 63.399999999999999,
        "2": 59.650000000000006,
        "3": 62.100000000000001,
        "4": 61.009999999999998,
        "5": 63.019999999999996,
        "6": 62.18,
        "7": 61.140000000000008,
        "8": 62.509999999999998,
        "9": 61.929999999999993
    }
}