{
    "best_ensemble": "100110010",
    "complete_ensemble_acc": 66.840000000000003,
    "config": {
        "dataset": {
            "script_path": "/home/moose/GitHub/msthesis-experiments/datasets/cifar100_keras.py"
        },
        "evaluate": {
            "augmentation_factor": 32,
            "batch_size": 5000,
            "data_augmentation": {
                "channel_shift_range": 0,
                "featurewise_center": false,
                "height_shift_range": 0.15,
                "horizontal_flip": true,
                "rotation_range": 0,
                "samplewise_center": false,
                "samplewise_std_normalization": false,
                "shear_range": 0,
                "vertical_flip": false,
                "width_shift_range": 0.15,
                "zca_whitening": false,
                "zoom_range": 0
            }
        },
        "models": [
            "/home/moose/GitHub/msthesis-experiments/artifacts/cifar100_bs32/cifar100_bs32_20170417-1927-03.h5",
            "/home/moose/GitHub/msthesis-experiments/artifacts/cifar100_bs32/cifar100_bs32_20170417-2113-51.h5",
            "/home/moose/GitHub/msthesis-experiments/artifacts/cifar100_bs32/cifar100_bs32_20170417-2256-04.h5",
            "/home/moose/GitHub/msthesis-experiments/artifacts/cifar100_bs32/cifar100_bs32_20170418-0013-16.h5",
            "/home/moose/GitHub/msthesis-experiments/artifacts/cifar100_bs32/cifar100_bs32_20170418-0213-54.h5",
            "/home/moose/GitHub/msthesis-experiments/artifacts/cifar100_bs32/cifar100_bs32_20170418-0403-34.h5",
            "/home/moose/GitHub/msthesis-experiments/artifacts/cifar100_bs32/cifar100_bs32_20170418-0548-15.h5",
            "/home/moose/GitHub/msthesis-experiments/artifacts/cifar100_bs32/cifar100_bs32_20170418-0724-39.h5",
            "/home/moose/GitHub/msthesis-experiments/artifacts/cifar100_bs32/cifar100_bs32_20170418-0910-14.h5"
        ]
    },
    "max_acc": 67.310000000000002,
    "single_acc": {
        "mean": 65.165555555555557,
        "std": 0.54129702487248443
    },
    "single_accuracies": {
        "0": 65.620000000000005,
        "1": 65.090000000000003,
        "2": 63.880000000000003,
        "3": 65.790000000000006,
        "4": 65.609999999999999,
        "5": 65.359999999999999,
        "6": 64.929999999999993,
        "7": 65.310000000000002,
        "8": 64.900000000000006
    }
}