{
    "best_ensemble": "1010111",
    "complete_ensemble_acc": 68.049999999999997,
    "config": {
        "dataset": {
            "script_path": "/home/moose/GitHub/msthesis-experiments/datasets/cifar100_keras.py"
        },
        "evaluate": {
            "augmentation_factor": 32,
            "batch_size": 5000,
            "data_augmentation": {
                "channel_shift_range": 0,
                "featurewise_center": false,
                "height_shift_range": 0.15,
                "horizontal_flip": true,
                "rotation_range": 0,
                "samplewise_center": false,
                "samplewise_std_normalization": false,
                "shear_range": 0,
                "vertical_flip": false,
                "width_shift_range": 0.15,
                "zca_whitening": false,
                "zoom_range": 0
            }
        },
        "models": [
            "/home/moose/GitHub/msthesis-experiments/artifacts/cifar100_bs16/cifar100_bs16_20170417-1924-10.h5",
            "/home/moose/GitHub/msthesis-experiments/artifacts/cifar100_bs16/cifar100_bs16_20170417-2233-41.h5",
            "/home/moose/GitHub/msthesis-experiments/artifacts/cifar100_bs16/cifar100_bs16_20170418-0123-57.h5",
            "/home/moose/GitHub/msthesis-experiments/artifacts/cifar100_bs16/cifar100_bs16_20170418-0450-38.h5",
            "/home/moose/GitHub/msthesis-experiments/artifacts/cifar100_bs16/cifar100_bs16_20170418-0728-59.h5",
            "/home/moose/GitHub/msthesis-experiments/artifacts/cifar100_bs16/cifar100_bs16_20170418-1043-25.h5",
            "/home/moose/GitHub/msthesis-experiments/artifacts/cifar100_bs16/cifar100_bs16_20170418-1409-30.h5"
        ]
    },
    "max_acc": 68.300000000000011,
    "single_acc": {
        "mean": 65.40428571428572,
        "std": 0.61488343013375846
    },
    "single_accuracies": {
        "0": 65.340000000000003,
        "1": 64.990000000000009,
        "2": 65.299999999999997,
        "3": 64.340000000000003,
        "4": 65.459999999999994,
        "5": 66.030000000000001,
        "6": 66.36999999999999
    }
}